PID,Task,first_time,last_time,total_time,total_time_ms
101,T1,03:07:26PM,03:12:12PM,0 days 00:04:46.226000,286226.0
101,T2,03:17:53PM,03:23:21PM,0 days 00:05:28.243000,328243.0
101,T3,03:27:05PM,03:30:14PM,0 days 00:03:08.809000,188809.0
101,T4,03:32:53PM,03:36:28PM,0 days 00:03:35.249000,215249.0
101,T5,03:38:56PM,03:41:41PM,0 days 00:02:45.494000,165494.0
101,T6,03:43:09PM,03:45:54PM,0 days 00:02:45.048000,165048.0
