PID,Task,first_time,last_time,total_time,total_time_ms
102,T1,03:05:55PM,03:16:32PM,0 days 00:10:36.814000,636814.0
102,T2,03:20:40PM,03:37:14PM,0 days 00:16:33.832000,993832.0
102,T3,03:40:06PM,03:42:28PM,0 days 00:02:22.140000,142140.0
102,T4,03:44:27PM,03:50:24PM,0 days 00:05:56.461000,356461.0
102,T5,03:52:50PM,03:56:00PM,0 days 00:03:10.540000,190540.0
102,T6,03:57:39PM,04:01:30PM,0 days 00:03:50.633000,230633.0
