PID,Task,first_time,last_time,total_time,total_time_ms
103,T1,04:58:44PM,05:02:34PM,0 days 00:03:49.455000,229455.0
103,T2,05:05:56PM,05:13:49PM,0 days 00:07:53.126000,473126.0
103,T3,05:19:24PM,05:26:16PM,0 days 00:06:52.627000,412627.0
103,T4,05:32:33PM,05:38:47PM,0 days 00:06:13.855000,373855.0
103,T5,05:42:04PM,05:49:50PM,0 days 00:07:45.587000,465587.0
103,T6,05:53:58PM,05:57:13PM,0 days 00:03:15.148000,195148.0
