PID,Task,first_time,last_time,total_time,total_time_ms
104,T1,07:24:33PM,07:26:38PM,0 days 00:02:04.282000,124282.0
104,T2,07:30:53PM,07:37:54PM,0 days 00:07:00.714000,420714.0
104,T3,07:39:17PM,07:45:50PM,0 days 00:06:33.057000,393057.0
104,T4,07:47:05PM,07:53:31PM,0 days 00:06:25.940000,385940.0
104,T5,07:57:04PM,08:06:10PM,0 days 00:09:06.232000,546232.0
104,T6,08:21:06PM,08:30:16PM,0 days 00:09:10.021000,550021.0
