PID,Task,first_time,last_time,total_time,total_time_ms
105,T1,02:10:38PM,02:21:22PM,0 days 00:10:44.312000,644312.0
105,T2,02:27:55PM,02:36:56PM,0 days 00:09:00.317000,540317.0
105,T3,02:39:05PM,02:50:22PM,0 days 00:11:17.057000,677057.0
105,T4,02:58:59PM,03:05:30PM,0 days 00:06:31.541000,391541.0
105,T5,03:07:14PM,03:13:04PM,0 days 00:05:49.062000,349062.0
105,T6,03:15:43PM,03:18:34PM,0 days 00:02:51.404000,171404.0
