PID,Task,first_time,last_time,total_time,total_time_ms
106,T1,03:20:58PM,03:31:29PM,0 days 00:10:31.119000,631119.0
106,T2,03:35:29PM,03:45:17PM,0 days 00:09:47.956000,587956.0
106,T3,03:47:50PM,03:58:28PM,0 days 00:10:38.057000,638057.0
106,T4,04:00:30PM,04:10:52PM,0 days 00:10:21.273000,621273.0
106,T5,04:17:29PM,04:25:32PM,0 days 00:08:03.635000,483635.0
106,T6,04:27:25PM,04:31:48PM,0 days 00:04:23.137000,263137.0
