PID,Task,first_time,last_time,total_time,total_time_ms
107,T1,05:50:17PM,05:58:21PM,0 days 00:08:03.930000,483930.0
107,T2,06:00:14PM,06:09:00PM,0 days 00:08:45.514000,525514.0
107,T3,06:10:25PM,06:18:37PM,0 days 00:08:11.317000,491317.0
107,T4,06:20:09PM,06:24:26PM,0 days 00:04:17.450000,257450.0
107,T5,06:26:06PM,06:35:47PM,0 days 00:09:40.442000,580442.0
107,T6,06:37:14PM,06:47:52PM,0 days 00:10:38.653000,638653.0
