PID,Task,first_time,last_time,total_time,total_time_ms
108,T1,07:17:00PM,07:25:09PM,0 days 00:08:09.013000,489013.0
108,T2,07:27:37PM,07:30:23PM,0 days 00:02:46.250000,166250.0
108,T3,07:33:10PM,07:36:55PM,0 days 00:03:45.424000,225424.0
108,T4,07:38:11PM,07:46:30PM,0 days 00:08:19.090000,499090.0
108,T5,07:48:06PM,07:52:06PM,0 days 00:04:00.058000,240058.0
108,T6,07:53:29PM,07:57:51PM,0 days 00:04:21.523000,261523.00000000003
