PID,Task,first_time,last_time,total_time,total_time_ms
109,T1,01:07:56PM,01:16:13PM,0 days 00:08:17.116000,497116.0
109,T2,01:18:14PM,01:25:18PM,0 days 00:07:03.917000,423917.0
109,T3,01:27:07PM,01:37:29PM,0 days 00:10:22.315000,622315.0
109,T4,01:39:06PM,01:43:57PM,0 days 00:04:50.300000,290300.0
109,T5,01:45:39PM,01:51:44PM,0 days 00:06:04.691000,364691.0
109,T6,01:52:54PM,01:58:56PM,0 days 00:06:01.731000,361731.0
