PID,Task,first_time,last_time,total_time,total_time_ms
110,T1,06:03:12PM,06:09:42PM,0 days 00:06:29.606000,389606.0
110,T2,06:12:30PM,06:22:47PM,0 days 00:10:16.688000,616688.0
110,T3,06:24:27PM,06:31:29PM,0 days 00:07:02.391000,422391.0
110,T4,06:32:57PM,06:37:28PM,0 days 00:04:30.466000,270466.0
110,T5,06:39:02PM,06:47:07PM,0 days 00:08:04.874000,484874.0
110,T6,06:48:39PM,06:55:21PM,0 days 00:06:42.348000,402348.0
