PID,Task,first_time,last_time,total_time,total_time_ms
111,T1,01:02:05PM,01:12:20PM,0 days 00:10:15.204000,615204.0
111,T2,01:15:01PM,01:22:22PM,0 days 00:07:21.140000,441140.0
111,T3,01:23:48PM,01:35:45PM,0 days 00:11:56.940000,716940.0
111,T4,01:39:49PM,01:45:55PM,0 days 00:06:05.899000,365899.0
111,T5,01:47:31PM,01:52:31PM,0 days 00:05:00.153000,300153.0
111,T6,01:54:06PM,01:58:07PM,0 days 00:04:01.692000,241692.0
