PID,Task,first_time,last_time,total_time,total_time_ms
112,T1,01:07:25PM,01:19:26PM,0 days 00:12:01.186000,721186.0
112,T2,01:22:05PM,01:30:36PM,0 days 00:08:30.990000,510990.0
112,T3,01:32:34PM,01:42:54PM,0 days 00:10:20.147000,620147.0
112,T4,01:44:30PM,01:55:24PM,0 days 00:10:53.789000,653789.0
112,T5,01:57:17PM,02:03:59PM,0 days 00:06:42.257000,402257.0
112,T6,02:05:29PM,02:12:07PM,0 days 00:06:37.491000,397491.0
