PID,Task,first_time,last_time,total_time,total_time_ms
113,T1,01:11:55PM,01:16:55PM,0 days 00:05:00.195000,300195.0
113,T2,01:18:47PM,01:23:03PM,0 days 00:04:15.901000,255901.0
113,T3,01:24:35PM,01:27:02PM,0 days 00:02:26.956000,146956.0
113,T4,01:28:25PM,01:32:07PM,0 days 00:03:41.762000,221762.0
113,T5,01:33:31PM,01:36:09PM,0 days 00:02:38.306000,158306.0
113,T6,01:37:25PM,01:39:55PM,0 days 00:02:30.323000,150323.0
