PID,Task,first_time,last_time,total_time,total_time_ms
114,T1,03:21:26PM,03:29:39PM,0 days 00:08:12.573000,492573.0
114,T2,03:31:46PM,03:41:06PM,0 days 00:09:20.007000,560007.0
114,T3,03:42:35PM,03:47:36PM,0 days 00:05:00.982000,300982.0
114,T4,03:49:38PM,03:59:09PM,0 days 00:09:30.656000,570656.0
114,T5,04:02:04PM,04:07:37PM,0 days 00:05:33.258000,333258.0
114,T6,04:09:36PM,04:15:13PM,0 days 00:05:36.807000,336807.0
