PID,Task,first_time,last_time,total_time,total_time_ms
115,T1,06:01:29PM,06:13:27PM,0 days 00:11:58.418000,718418.0
115,T2,06:26:35PM,06:34:03PM,0 days 00:07:28.379000,448379.0
115,T3,06:37:25PM,06:44:38PM,0 days 00:07:13.008000,433008.0
115,T4,06:46:27PM,06:55:54PM,0 days 00:09:26.845000,566845.0
115,T5,06:57:49PM,07:08:07PM,0 days 00:10:17.538000,617538.0
115,T6,07:10:07PM,07:18:45PM,0 days 00:08:38.877000,518876.99999999994
