PID,Task,first_time,last_time,total_time,total_time_ms
116,T1,05:20:09PM,05:29:08PM,0 days 00:08:59.483000,539483.0
116,T2,05:31:22PM,05:36:42PM,0 days 00:05:20.758000,320758.0
116,T3,05:39:06PM,05:49:19PM,0 days 00:10:12.908000,612908.0
116,T4,05:50:56PM,05:59:50PM,0 days 00:08:53.676000,533676.0
116,T5,06:01:21PM,06:10:53PM,0 days 00:09:31.926000,571926.0
116,T6,06:12:24PM,06:20:47PM,0 days 00:08:22.533000,502533.0
