PID,Task,first_time,last_time,total_time,total_time_ms
117,T1,03:14:10PM,03:21:08PM,0 days 00:06:58.488000,418488.0
117,T2,03:23:53PM,03:29:32PM,0 days 00:05:39.105000,339105.0
117,T3,03:31:36PM,03:42:22PM,0 days 00:10:46.164000,646164.0
117,T4,03:44:48PM,03:51:57PM,0 days 00:07:08.846000,428846.0
117,T5,03:54:15PM,03:59:07PM,0 days 00:04:52.640000,292640.0
117,T6,04:00:55PM,04:05:59PM,0 days 00:05:03.609000,303609.0
