PID,Task,first_time,last_time,total_time,total_time_ms
118,T1,06:02:05PM,06:05:19PM,0 days 00:03:14.942000,194942.0
118,T2,06:07:55PM,06:15:45PM,0 days 00:07:50.098000,470098.0
118,T3,06:18:32PM,06:28:49PM,0 days 00:10:16.422000,616422.0
118,T4,06:30:16PM,06:41:51PM,0 days 00:11:35.698000,695698.0
118,T5,06:43:29PM,06:47:21PM,0 days 00:03:52.339000,232339.0
118,T6,06:49:23PM,06:55:33PM,0 days 00:06:09.731000,369731.0
