PID,Task,first_time,last_time,total_time,total_time_ms
119,T1,01:33:33PM,01:42:19PM,0 days 00:08:45.982000,525982.0
119,T2,01:48:47PM,01:56:11PM,0 days 00:07:24.316000,444316.0
119,T3,01:59:27PM,02:07:47PM,0 days 00:08:20.147000,500147.0
119,T4,02:10:45PM,02:22:00PM,0 days 00:11:14.808000,674808.0
119,T5,02:23:53PM,02:34:23PM,0 days 00:10:29.960000,629960.0
119,T6,02:36:30PM,02:48:37PM,0 days 00:12:06.541000,726541.0
