PID,Task,first_time,last_time,total_time,total_time_ms
120,T1,12:55:49PM,01:03:01PM,0 days 00:07:11.367000,431367.0
120,T2,01:05:25PM,01:15:46PM,0 days 00:10:21.084000,621084.0
120,T3,01:17:23PM,01:19:34PM,0 days 00:02:11.741000,131741.0
120,T4,01:21:21PM,01:28:53PM,0 days 00:07:31.958000,451958.0
120,T5,01:30:25PM,01:41:37PM,0 days 00:11:12.768000,672768.0
120,T6,01:43:10PM,01:45:53PM,0 days 00:02:43.075000,163075.0
