PID,Task,first_time,last_time,total_time,total_time_ms
121,T1,03:08:33PM,03:12:47PM,0 days 00:04:13.382000,253382.0
121,T2,03:15:03PM,03:21:57PM,0 days 00:06:53.950000,413950.0
121,T3,03:23:34PM,03:28:52PM,0 days 00:05:17.972000,317972.0
121,T4,03:30:13PM,03:38:46PM,0 days 00:08:33.164000,513164.0
121,T5,03:40:40PM,03:49:07PM,0 days 00:08:26.647000,506647.0
121,T6,03:50:34PM,03:55:46PM,0 days 00:05:11.981000,311981.0
