PID,Task,first_time,last_time,total_time,total_time_ms
122,T1,01:15:32PM,01:27:55PM,0 days 00:12:22.764000,742764.0
122,T2,01:30:42PM,01:41:03PM,0 days 00:10:21.457000,621457.0
122,T3,01:43:50PM,01:54:21PM,0 days 00:10:30.408000,630408.0
122,T4,01:56:22PM,02:02:02PM,0 days 00:05:40.582000,340582.0
122,T5,02:04:09PM,02:12:59PM,0 days 00:08:49.897000,529897.0
122,T6,02:14:44PM,02:18:07PM,0 days 00:03:22.150000,202150.0
