PID,Task,first_time,last_time,total_time,total_time_ms
123,T1,03:16:06PM,03:21:13PM,0 days 00:05:07.586000,307586.0
123,T2,03:23:10PM,03:29:34PM,0 days 00:06:23.990000,383990.0
123,T3,03:31:22PM,03:35:07PM,0 days 00:03:44.205000,224205.0
123,T4,03:36:24PM,03:41:29PM,0 days 00:05:05.116000,305116.0
123,T5,03:43:06PM,03:47:27PM,0 days 00:04:21.438000,261438.0
123,T6,03:49:02PM,03:56:03PM,0 days 00:07:00.282000,420282.0
