PID,Task,first_time,last_time,total_time,total_time_ms
124,T1,01:17:35PM,01:24:56PM,0 days 00:07:20.730000,440730.0
124,T2,01:29:58PM,01:38:54PM,0 days 00:08:56.041000,536041.0
124,T3,01:42:44PM,01:51:30PM,0 days 00:08:46.199000,526199.0
124,T4,01:54:03PM,02:02:34PM,0 days 00:08:31.258000,511258.0
124,T5,02:06:35PM,02:11:23PM,0 days 00:04:48.184000,288184.0
124,T6,02:13:14PM,02:18:07PM,0 days 00:04:53.033000,293033.0
