PID,Task,first_time,last_time,total_time,total_time_ms
125,T1,03:14:51PM,03:20:36PM,0 days 00:05:45.554000,345554.0
125,T2,03:23:15PM,03:32:17PM,0 days 00:09:01.985000,541985.0
125,T3,03:35:01PM,03:39:39PM,0 days 00:04:38.326000,278326.0
125,T4,03:42:05PM,03:48:19PM,0 days 00:06:13.536000,373536.0
125,T5,03:50:39PM,03:56:13PM,0 days 00:05:34.339000,334339.0
125,T6,03:57:45PM,04:00:51PM,0 days 00:03:06.007000,186007.0
