PID,Task,first_time,last_time,total_time,total_time_ms
126,T1,06:26:34PM,06:36:58PM,0 days 00:10:24.180000,624180.0
126,T2,06:39:32PM,06:47:08PM,0 days 00:07:35.707000,455707.0
126,T3,06:48:55PM,06:58:49PM,0 days 00:09:53.281000,593281.0
126,T4,07:01:40PM,07:07:22PM,0 days 00:05:41.462000,341462.0
126,T5,07:08:41PM,07:14:13PM,0 days 00:05:32.628000,332628.0
126,T6,07:15:46PM,07:23:30PM,0 days 00:07:44.515000,464515.0
