PID,Task,first_time,last_time,total_time,total_time_ms
127,T1,06:08:44PM,06:17:02PM,0 days 00:08:17.191000,497191.0
127,T2,06:19:15PM,06:27:56PM,0 days 00:08:40.939000,520938.99999999994
127,T3,06:33:19PM,06:40:32PM,0 days 00:07:12.807000,432807.0
127,T4,06:42:05PM,06:48:45PM,0 days 00:06:40.369000,400369.0
127,T5,06:51:01PM,06:56:05PM,0 days 00:05:04.090000,304090.0
127,T6,06:58:37PM,07:04:33PM,0 days 00:05:56.174000,356174.0
