PID,Task,first_time,last_time,total_time,total_time_ms
129,T1,01:09:43PM,01:20:13PM,0 days 00:10:29.449000,629449.0
129,T2,01:23:23PM,01:31:45PM,0 days 00:08:21.800000,501800.0
129,T3,01:33:35PM,01:43:10PM,0 days 00:09:34.741000,574741.0
129,T4,01:45:02PM,01:53:19PM,0 days 00:08:17.707000,497707.0
129,T5,01:54:50PM,02:05:11PM,0 days 00:10:20.697000,620697.0
129,T6,02:07:15PM,02:17:00PM,0 days 00:09:45.623000,585623.0
