PID,Task,first_time,last_time,total_time,total_time_ms
130,T1,06:10:24PM,06:16:43PM,0 days 00:06:19.005000,379005.0
130,T2,06:18:32PM,06:23:52PM,0 days 00:05:19.936000,319936.0
130,T3,06:26:25PM,06:33:17PM,0 days 00:06:51.580000,411580.0
130,T4,06:34:41PM,06:41:05PM,0 days 00:06:23.838000,383838.0
130,T5,06:42:27PM,06:51:29PM,0 days 00:09:02.929000,542929.0
130,T6,06:54:43PM,07:03:39PM,0 days 00:08:55.188000,535188.0
