PID,Task,first_time,last_time,total_time,total_time_ms
131,T1,06:04:24PM,06:09:04PM,0 days 00:04:40.601000,280601.0
131,T2,06:12:04PM,06:20:01PM,0 days 00:07:56.415000,476415.0
131,T3,06:21:44PM,06:28:10PM,0 days 00:06:25.858000,385858.0
131,T4,06:29:28PM,06:34:04PM,0 days 00:04:35.606000,275606.0
131,T5,06:35:26PM,06:38:52PM,0 days 00:03:26.615000,206615.0
131,T6,06:40:07PM,06:45:27PM,0 days 00:05:20.178000,320178.0
