PID,Task,first_time,last_time,total_time,total_time_ms
132,T1,01:03:15PM,01:11:26PM,0 days 00:08:10.823000,490823.0
132,T2,01:13:22PM,01:18:41PM,0 days 00:05:18.576000,318576.0
132,T3,01:20:29PM,01:30:39PM,0 days 00:10:09.841000,609841.0
132,T4,01:32:10PM,01:40:59PM,0 days 00:08:48.656000,528656.0
132,T5,01:43:09PM,01:50:06PM,0 days 00:06:56.988000,416988.0
132,T6,01:51:47PM,01:59:14PM,0 days 00:07:26.907000,446907.0
