PID,Task,first_time,last_time,total_time,total_time_ms
133,T1,07:23:45PM,07:34:29PM,0 days 00:10:43.715000,643715.0
133,T2,07:36:56PM,07:43:13PM,0 days 00:06:17.032000,377032.0
133,T3,07:45:01PM,07:49:43PM,0 days 00:04:42.257000,282257.0
133,T4,07:51:14PM,07:59:33PM,0 days 00:08:19.089000,499089.0
133,T5,08:01:14PM,08:11:26PM,0 days 00:10:12.152000,612152.0
133,T6,08:12:49PM,08:15:01PM,0 days 00:02:11.616000,131616.0
