PID,Task,first_time,last_time,total_time,total_time_ms
135,T1,03:13:04PM,03:15:49PM,0 days 00:02:44.625000,164625.0
135,T2,03:17:16PM,03:19:42PM,0 days 00:02:25.866000,145866.0
135,T3,03:20:58PM,03:26:10PM,0 days 00:05:11.898000,311898.0
135,T4,03:27:22PM,03:34:14PM,0 days 00:06:51.955000,411955.0
135,T5,03:35:32PM,03:38:02PM,0 days 00:02:30.514000,150514.0
135,T6,03:39:44PM,03:45:22PM,0 days 00:05:38.928000,338928.0
