PID,Task,first_time,last_time,total_time,total_time_ms
136,T1,06:10:38PM,06:19:18PM,0 days 00:08:39.490000,519490.0
136,T2,06:21:23PM,06:29:24PM,0 days 00:08:00.780000,480780.0
136,T3,06:30:58PM,06:39:38PM,0 days 00:08:39.932000,519932.0
136,T4,06:42:23PM,06:50:39PM,0 days 00:08:16.814000,496814.0
136,T5,06:54:04PM,07:03:14PM,0 days 00:09:09.655000,549655.0
136,T6,07:04:42PM,07:12:44PM,0 days 00:08:01.506000,481506.0
