PID,Task,first_time,last_time,total_time,total_time_ms
137,T1,03:01:51PM,03:12:13PM,0 days 00:10:22.072000,622072.0
137,T2,03:14:29PM,03:24:17PM,0 days 00:09:47.406000,587406.0
137,T3,03:26:19PM,03:36:41PM,0 days 00:10:22.115000,622115.0
137,T4,03:38:31PM,03:48:51PM,0 days 00:10:19.916000,619916.0
137,T5,03:50:33PM,03:57:50PM,0 days 00:07:16.582000,436582.0
137,T6,03:59:29PM,04:11:09PM,0 days 00:11:39.294000,699294.0
