PID,Task,first_time,last_time,total_time,total_time_ms
139,T1,06:05:37PM,06:09:58PM,0 days 00:04:20.664000,260664.0
139,T2,06:12:26PM,06:18:28PM,0 days 00:06:01.798000,361798.0
139,T3,06:21:35PM,06:25:45PM,0 days 00:04:09.821000,249821.0
139,T4,06:27:35PM,06:36:04PM,0 days 00:08:28.735000,508735.0
139,T5,06:37:31PM,06:41:13PM,0 days 00:03:42.140000,222140.0
139,T6,06:43:20PM,06:50:33PM,0 days 00:07:13.242000,433242.0
