PID,Task,first_time,last_time,total_time,total_time_ms
140,T1,03:40:35PM,03:45:52PM,0 days 00:05:17.118000,317118.0
140,T2,03:48:57PM,03:57:34PM,0 days 00:08:36.980000,516980.0
140,T3,03:59:49PM,04:10:13PM,0 days 00:10:24.722000,624722.0
140,T4,04:13:06PM,04:22:23PM,0 days 00:09:17.031000,557031.0
140,T5,04:24:16PM,04:28:51PM,0 days 00:04:35.490000,275490.0
140,T6,04:30:21PM,04:34:00PM,0 days 00:03:38.414000,218414.0
